divide_to,Metric,longbench_hotpotqa,longbench_multifieldqa_en,longbench_narrativeqa,longbench_passage_retrieval_en,Average
Baseline,accuracy,0.559,0.558,0.294,1.0,0.603
Baseline,sparsity,0.0,0.0,0.0,0.0,0.0
Baseline,total_avg_ms,17.923,11.94,56.865,17.042,25.942
Baseline,total_benchmark_time_s,113.649,117.096,304.286,104.535,159.892
32,accuracy,0.477,0.48,0.248,0.88,0.521
32,sparsity,0.69,0.688,0.665,0.702,0.686
32,total_avg_ms,8.09,4.081,33.615,7.49,13.319
32,total_benchmark_time_s,85.197,94.537,232.107,72.683,121.131
64,accuracy,0.43,0.466,0.25,0.85,0.499
64,sparsity,0.688,0.68,0.664,0.699,0.683
64,total_avg_ms,7.914,3.944,33.351,7.366,13.144
64,total_benchmark_time_s,85.837,92.374,230.476,73.406,120.523
128,accuracy,0.472,0.479,0.272,0.91,0.533
128,sparsity,0.674,0.665,0.661,0.698,0.674
128,total_avg_ms,7.849,3.904,33.274,7.296,13.081
128,total_benchmark_time_s,82.541,88.272,227.553,71.846,117.553
